snapshot_date,neighbourhood_group_cleansed,neighbourhood_cleansed,n_listings_total,n_listings_active,price_median,price_mean,pct_active
2025-03-05,Arganzuela,Acacias,239,158,86.0,90.4601226993865,66.10878661087865
2025-03-05,Arganzuela,Atocha,50,45,110.0,138.46153846153845,90.0
2025-03-05,Arganzuela,Chopera,179,135,77.0,91.63120567375887,75.41899441340783
2025-03-05,Arganzuela,Delicias,221,143,75.5,83.84666666666666,64.70588235294117
2025-03-05,Arganzuela,Imperial,191,138,91.0,190.47058823529412,72.25130890052355
2025-03-05,Arganzuela,Legazpi,60,41,78.0,90.4,68.33333333333333
2025-03-05,Arganzuela,Palos de Moguer,438,301,93.0,123.36969696969697,68.72146118721462
2025-03-05,Barajas,Aeropuerto,10,10,54.0,83.57142857142857,100.0
2025-03-05,Barajas,Alameda de Osuna,41,29,57.5,105.8,70.73170731707317
2025-03-05,Barajas,Casco Histórico de Barajas,62,39,58.0,71.82608695652173,62.903225806451616
2025-03-05,Barajas,Corralejos,15,10,73.0,104.15384615384616,66.66666666666666
2025-03-05,Barajas,Timón,47,29,87.0,107.35483870967742,61.702127659574465
2025-03-05,Carabanchel,Abrantes,62,50,40.0,48.79245283018868,80.64516129032258
2025-03-05,Carabanchel,Buenavista,65,38,44.5,63.6,58.46153846153847
2025-03-05,Carabanchel,Comillas,167,119,82.0,94.14503816793894,71.25748502994011
2025-03-05,Carabanchel,Opañel,159,128,76.0,91.96330275229357,80.50314465408806
2025-03-05,Carabanchel,Puerta Bonita,97,76,47.0,58.45569620253165,78.35051546391753
2025-03-05,Carabanchel,San Isidro,216,165,67.0,89.22,76.38888888888889
2025-03-05,Carabanchel,Vista Alegre,165,110,54.0,70.52066115702479,66.66666666666666
2025-03-05,Centro,Cortes,1042,813,118.0,172.10401891252954,78.02303262955854
2025-03-05,Centro,Embajadores,2801,2010,96.0,125.34129536058796,71.7600856836844
2025-03-05,Centro,Justicia,1272,940,118.0,159.6546184738956,73.89937106918238
2025-03-05,Centro,Palacio,1818,1383,116.0,164.5290819901892,76.07260726072607
2025-03-05,Centro,Sol,1326,1053,130.0,172.91300448430493,79.41176470588235
2025-03-05,Centro,Universidad,2240,1626,109.0,140.52964881980427,72.58928571428571
2025-03-05,Chamartín,Castilla,98,69,89.5,130.15277777777777,70.40816326530613
2025-03-05,Chamartín,Ciudad Jardín,124,91,87.0,104.3010752688172,73.38709677419355
2025-03-05,Chamartín,El Viso,109,76,113.5,156.109756097561,69.72477064220183
2025-03-05,Chamartín,Hispanoamérica,146,121,114.0,144.58955223880596,82.87671232876713
2025-03-05,Chamartín,Nueva España,144,110,130.0,137.23275862068965,76.38888888888889
2025-03-05,Chamartín,Prosperidad,231,168,87.5,107.32098765432099,72.72727272727273
2025-03-05,Chamberí,Almagro,234,153,143.0,158.31645569620252,65.38461538461539
2025-03-05,Chamberí,Arapiles,254,188,85.0,117.34020618556701,74.01574803149606
2025-03-05,Chamberí,Gaztambide,264,188,81.0,102.34054054054054,71.21212121212122
2025-03-05,Chamberí,Rios Rosas,247,190,121.0,168.57671957671957,76.92307692307693
2025-03-05,Chamberí,Trafalgar,517,393,133.0,149.66496163682865,76.01547388781431
2025-03-05,Chamberí,Vallehermoso,127,80,93.0,183.43333333333334,62.99212598425197
2025-03-05,Ciudad Lineal,Atalaya,1,0,65.0,65.0,0.0
2025-03-05,Ciudad Lineal,Colina,25,18,119.0,145.05263157894737,72.0
2025-03-05,Ciudad Lineal,Concepción,91,61,75.5,92.0,67.03296703296702
2025-03-05,Ciudad Lineal,Costillares,45,35,106.5,144.625,77.77777777777779
2025-03-05,Ciudad Lineal,Pueblo Nuevo,220,160,65.0,91.33727810650888,72.72727272727273
2025-03-05,Ciudad Lineal,Quintana,103,79,67.5,123.36585365853658,76.69902912621359
2025-03-05,Ciudad Lineal,San Juan Bautista,33,14,65.0,93.36842105263158,42.42424242424242
2025-03-05,Ciudad Lineal,San Pascual,51,25,46.0,52.074074074074076,49.01960784313725
2025-03-05,Ciudad Lineal,Ventas,259,194,65.0,107.74146341463414,74.9034749034749
2025-03-05,Fuencarral - El Pardo,El Goloso,14,4,118.0,223.375,28.57142857142857
2025-03-05,Fuencarral - El Pardo,El Pardo,4,3,58.0,97.0,75.0
2025-03-05,Fuencarral - El Pardo,Fuentelareina,5,3,88.0,294.0,60.0
2025-03-05,Fuencarral - El Pardo,La Paz,24,15,80.0,114.52941176470588,62.5
2025-03-05,Fuencarral - El Pardo,Mirasierra,26,17,56.0,94.36842105263158,65.38461538461539
2025-03-05,Fuencarral - El Pardo,Peñagrande,72,35,59.0,88.78048780487805,48.61111111111111
2025-03-05,Fuencarral - El Pardo,Pilar,78,52,82.0,88.05555555555556,66.66666666666666
2025-03-05,Fuencarral - El Pardo,Valverde,108,71,63.5,102.15,65.74074074074075
2025-03-05,Hortaleza,Apostol Santiago,21,15,45.0,97.88235294117646,71.42857142857143
2025-03-05,Hortaleza,Canillas,146,101,70.0,88.57142857142857,69.17808219178082
2025-03-05,Hortaleza,Palomas,9,7,85.0,104.88888888888889,77.77777777777779
2025-03-05,Hortaleza,Pinar del Rey,141,113,87.0,95.69298245614036,80.1418439716312
2025-03-05,Hortaleza,Piovera,31,18,82.0,100.78947368421052,58.06451612903226
2025-03-05,Hortaleza,Valdefuentes,148,100,83.5,199.40833333333333,67.56756756756756
2025-03-05,Latina,Aguilas,56,35,40.0,57.39473684210526,62.5
2025-03-05,Latina,Aluche,87,58,51.0,198.4179104477612,66.66666666666666
2025-03-05,Latina,Campamento,36,20,34.0,60.91304347826087,55.55555555555556
2025-03-05,Latina,Cuatro Vientos,9,8,57.5,65.5,88.88888888888889
2025-03-05,Latina,Cármenes,75,57,52.5,69.31481481481481,76.0
2025-03-05,Latina,Lucero,103,74,58.0,60.03896103896104,71.84466019417476
2025-03-05,Latina,Puerta del Angel,340,243,69.0,190.16194331983806,71.47058823529412
2025-03-05,Moncloa - Aravaca,Aravaca,42,34,72.0,116.67567567567568,80.95238095238095
2025-03-05,Moncloa - Aravaca,Argüelles,371,236,118.0,196.64830508474577,63.61185983827493
2025-03-05,Moncloa - Aravaca,Casa de Campo,84,52,117.0,139.0392156862745,61.904761904761905
2025-03-05,Moncloa - Aravaca,Ciudad Universitaria,85,58,87.0,121.56896551724138,68.23529411764706
2025-03-05,Moncloa - Aravaca,El Plantío,15,13,57.0,70.46666666666667,86.66666666666667
2025-03-05,Moncloa - Aravaca,Valdemarín,9,5,70.0,92.8,55.55555555555556
2025-03-05,Moncloa - Aravaca,Valdezarza,77,58,59.0,93.09677419354838,75.32467532467533
2025-03-05,Moratalaz,Fontarrón,71,33,44.0,78.41666666666667,46.478873239436616
2025-03-05,Moratalaz,Horcajo,3,2,45.5,45.5,66.66666666666666
2025-03-05,Moratalaz,Marroquina,33,18,75.0,73.26315789473684,54.54545454545454
2025-03-05,Moratalaz,Media Legua,27,17,46.0,59.05882352941177,62.96296296296296
2025-03-05,Moratalaz,Pavones,10,9,58.0,58.111111111111114,90.0
2025-03-05,Moratalaz,Vinateros,41,20,32.0,44.0,48.78048780487805
2025-03-05,Puente de Vallecas,Entrevías,59,45,58.5,60.95454545454545,76.27118644067797
2025-03-05,Puente de Vallecas,Numancia,230,177,65.0,83.2872340425532,76.95652173913044
2025-03-05,Puente de Vallecas,Palomeras Bajas,80,48,55.0,458.8888888888889,60.0
2025-03-05,Puente de Vallecas,Palomeras Sureste,61,36,48.0,50.86486486486486,59.01639344262295
2025-03-05,Puente de Vallecas,Portazgo,69,43,39.0,72.75,62.31884057971014
2025-03-05,Puente de Vallecas,San Diego,311,217,79.0,99.29017857142857,69.77491961414792
2025-03-05,Retiro,Adelfas,139,98,97.0,101.42857142857143,70.50359712230215
2025-03-05,Retiro,Estrella,39,29,55.0,95.10344827586206,74.35897435897436
2025-03-05,Retiro,Ibiza,283,213,112.5,223.7972972972973,75.26501766784452
2025-03-05,Retiro,Jerónimos,108,85,128.0,167.3186813186813,78.70370370370371
2025-03-05,Retiro,Niño Jesús,73,57,128.0,143.3968253968254,78.08219178082192
2025-03-05,Retiro,Pacífico,323,226,81.0,98.01271186440678,69.96904024767801
2025-03-05,Salamanca,Castellana,203,147,157.0,182.48407643312103,72.41379310344827
2025-03-05,Salamanca,Fuente del Berro,143,108,105.5,116.16071428571429,75.52447552447552
2025-03-05,Salamanca,Goya,413,296,142.5,198.1375,71.67070217917676
2025-03-05,Salamanca,Guindalera,378,279,99.0,121.65579710144928,73.80952380952381
2025-03-05,Salamanca,Lista,228,161,124.0,140.33132530120483,70.6140350877193
2025-03-05,Salamanca,Recoletos,319,257,178.0,224.90769230769232,80.56426332288402
2025-03-05,San Blas - Canillejas,Amposta,17,12,70.5,210.08333333333334,70.58823529411765
2025-03-05,San Blas - Canillejas,Arcos,46,24,61.0,147.16,52.17391304347826
2025-03-05,San Blas - Canillejas,Canillejas,103,54,72.0,81.92063492063492,52.42718446601942
2025-03-05,San Blas - Canillejas,Hellín,28,11,39.5,249.14285714285714,39.285714285714285
2025-03-05,San Blas - Canillejas,Rejas,154,114,76.0,93.45669291338582,74.02597402597402
2025-03-05,San Blas - Canillejas,Rosas,60,31,82.5,170.92105263157896,51.66666666666667
2025-03-05,San Blas - Canillejas,Salvador,23,14,68.0,138.41176470588235,60.86956521739131
2025-03-05,San Blas - Canillejas,Simancas,126,66,75.0,86.29333333333334,52.38095238095239
2025-03-05,Tetuán,Almenara,200,158,94.0,101.65030674846626,79.0
2025-03-05,Tetuán,Bellas Vistas,244,173,85.0,118.88235294117646,70.90163934426229
2025-03-05,Tetuán,Berruguete,215,180,85.0,114.2707182320442,83.72093023255815
2025-03-05,Tetuán,Castillejos,285,223,99.5,315.1359649122807,78.24561403508771
2025-03-05,Tetuán,Cuatro Caminos,393,299,98.5,110.42405063291139,76.08142493638677
2025-03-05,Tetuán,Valdeacederas,238,190,80.0,204.24137931034483,79.83193277310924
2025-03-05,Usera,Almendrales,113,88,63.5,71.15116279069767,77.87610619469027
2025-03-05,Usera,Moscardó,148,124,64.5,72.13333333333334,83.78378378378379
2025-03-05,Usera,Orcasitas,31,22,48.5,63.958333333333336,70.96774193548387
2025-03-05,Usera,Orcasur,66,48,70.0,70.97916666666667,72.72727272727273
2025-03-05,Usera,Pradolongo,68,51,40.0,65.15384615384616,75.0
2025-03-05,Usera,San Fermín,53,35,47.0,78.28571428571429,66.0377358490566
2025-03-05,Usera,Zofío,54,41,53.0,63.717948717948715,75.92592592592592
2025-03-05,Vicálvaro,Ambroz,17,13,32.0,46.2,76.47058823529412
2025-03-05,Vicálvaro,Casco Histórico de Vicálvaro,63,42,51.5,62.11363636363637,66.66666666666666
2025-03-05,Villa de Vallecas,Casco Histórico de Vallecas,116,78,58.5,74.8974358974359,67.24137931034483
2025-03-05,Villa de Vallecas,Santa Eugenia,12,9,50.0,77.55555555555556,75.0
2025-03-05,Villaverde,Butarque,22,13,50.0,54.30769230769231,59.09090909090909
2025-03-05,Villaverde,Los Angeles,51,33,46.0,64.34375,64.70588235294117
2025-03-05,Villaverde,Los Rosales,61,42,64.0,68.38461538461539,68.85245901639344
2025-03-05,Villaverde,San Andrés,90,62,69.5,82.56666666666666,68.88888888888889
2025-03-05,Villaverde,San Cristobal,25,15,29.0,38.13333333333333,60.0
2025-06-12,Arganzuela,Acacias,246,178,88.0,99.26162790697674,72.35772357723577
2025-06-12,Arganzuela,Atocha,51,47,96.0,118.3953488372093,92.15686274509804
2025-06-12,Arganzuela,Chopera,174,138,79.0,94.27067669172932,79.3103448275862
2025-06-12,Arganzuela,Delicias,215,152,83.0,85.6470588235294,70.69767441860465
2025-06-12,Arganzuela,Imperial,186,142,97.0,170.96503496503496,76.34408602150538
2025-06-12,Arganzuela,Legazpi,59,44,87.5,95.17391304347827,74.57627118644068
2025-06-12,Arganzuela,Palos de Moguer,431,329,98.5,134.62893081761007,76.33410672853829
2025-06-12,Barajas,Aeropuerto,14,14,55.0,79.76923076923077,100.0
2025-06-12,Barajas,Alameda de Osuna,38,25,58.0,112.03703703703704,65.78947368421053
2025-06-12,Barajas,Casco Histórico de Barajas,66,55,68.0,86.62962962962963,83.33333333333334
2025-06-12,Barajas,Corralejos,10,8,89.5,142.375,80.0
2025-06-12,Barajas,Timón,48,33,87.0,125.2,68.75
2025-06-12,Carabanchel,Abrantes,56,45,45.0,52.833333333333336,80.35714285714286
2025-06-12,Carabanchel,Buenavista,60,38,49.5,66.84210526315789,63.33333333333333
2025-06-12,Carabanchel,Comillas,171,135,85.0,95.56060606060606,78.94736842105263
2025-06-12,Carabanchel,Opañel,172,149,77.0,121.95302013422818,86.62790697674419
2025-06-12,Carabanchel,Puerta Bonita,102,82,44.0,61.83132530120482,80.3921568627451
2025-06-12,Carabanchel,San Isidro,228,190,67.0,83.85185185185185,83.33333333333334
2025-06-12,Carabanchel,Vista Alegre,157,111,51.5,63.319148936170215,70.70063694267516
2025-06-12,Centro,Cortes,1040,887,134.0,185.42135476463835,85.28846153846153
2025-06-12,Centro,Embajadores,2751,2139,103.0,144.04732895970008,77.7535441657579
2025-06-12,Centro,Justicia,1258,993,128.0,158.54499494438826,78.93481717011129
2025-06-12,Centro,Palacio,1829,1467,127.0,190.27439024390245,80.20776380535813
2025-06-12,Centro,Sol,1363,1155,136.0,205.03324808184144,84.7395451210565
2025-06-12,Centro,Universidad,2240,1773,117.0,174.00578368999422,79.15178571428572
2025-06-12,Chamartín,Castilla,109,83,100.0,118.85882352941177,76.14678899082568
2025-06-12,Chamartín,Ciudad Jardín,128,103,110.0,126.54,80.46875
2025-06-12,Chamartín,El Viso,116,84,105.5,144.98684210526315,72.41379310344827
2025-06-12,Chamartín,Hispanoamérica,153,132,117.0,130.43382352941177,86.27450980392157
2025-06-12,Chamartín,Nueva España,164,141,131.0,127.83916083916084,85.97560975609755
2025-06-12,Chamartín,Prosperidad,234,180,96.0,101.05263157894737,76.92307692307693
2025-06-12,Chamberí,Almagro,240,174,140.0,156.60693641618496,72.5
2025-06-12,Chamberí,Arapiles,300,249,90.0,119.01694915254237,83.0
2025-06-12,Chamberí,Gaztambide,282,217,85.0,102.61835748792271,76.95035460992908
2025-06-12,Chamberí,Rios Rosas,262,200,115.0,137.55940594059405,76.33587786259542
2025-06-12,Chamberí,Trafalgar,520,378,128.0,141.196675900277,72.6923076923077
2025-06-12,Chamberí,Vallehermoso,127,86,90.0,90.4659090909091,67.71653543307087
2025-06-12,Ciudad Lineal,Atalaya,1,1,65.0,65.0,100.0
2025-06-12,Ciudad Lineal,Colina,28,24,153.0,154.48,85.71428571428571
2025-06-12,Ciudad Lineal,Concepción,112,77,78.0,99.54320987654322,68.75
2025-06-12,Ciudad Lineal,Costillares,46,25,122.5,139.61904761904762,54.347826086956516
2025-06-12,Ciudad Lineal,Pueblo Nuevo,240,186,77.0,99.44324324324324,77.5
2025-06-12,Ciudad Lineal,Quintana,124,101,70.0,121.98947368421052,81.45161290322581
2025-06-12,Ciudad Lineal,San Juan Bautista,43,27,87.5,141.9,62.7906976744186
2025-06-12,Ciudad Lineal,San Pascual,60,34,51.0,63.6,56.666666666666664
2025-06-12,Ciudad Lineal,Ventas,257,198,72.0,81.98514851485149,77.04280155642024
2025-06-12,Fuencarral - El Pardo,El Goloso,19,12,98.0,177.53846153846155,63.1578947368421
2025-06-12,Fuencarral - El Pardo,El Pardo,3,2,117.0,117.0,66.66666666666666
2025-06-12,Fuencarral - El Pardo,Fuentelareina,5,1,84.0,347.2,20.0
2025-06-12,Fuencarral - El Pardo,La Paz,27,19,70.0,102.28571428571429,70.37037037037037
2025-06-12,Fuencarral - El Pardo,Mirasierra,30,22,65.0,96.19047619047619,73.33333333333333
2025-06-12,Fuencarral - El Pardo,Peñagrande,73,44,76.0,118.97872340425532,60.273972602739725
2025-06-12,Fuencarral - El Pardo,Pilar,74,53,81.0,86.11764705882354,71.62162162162163
2025-06-12,Fuencarral - El Pardo,Valverde,123,93,77.0,94.09278350515464,75.60975609756098
2025-06-12,Hortaleza,Apostol Santiago,33,29,43.0,74.92857142857143,87.87878787878788
2025-06-12,Hortaleza,Canillas,148,122,73.5,80.74528301886792,82.43243243243244
2025-06-12,Hortaleza,Palomas,6,6,89.5,133.33333333333334,100.0
2025-06-12,Hortaleza,Pinar del Rey,143,124,109.0,111.76991150442478,86.7132867132867
2025-06-12,Hortaleza,Piovera,40,24,89.0,314.4074074074074,60.0
2025-06-12,Hortaleza,Valdefuentes,155,130,100.0,246.72222222222223,83.87096774193549
2025-06-12,Latina,Aguilas,60,43,40.0,59.69767441860465,71.66666666666667
2025-06-12,Latina,Aluche,92,70,49.0,196.2394366197183,76.08695652173914
2025-06-12,Latina,Campamento,37,25,43.0,49.55555555555556,67.56756756756756
2025-06-12,Latina,Cuatro Vientos,7,5,64.0,71.6,71.42857142857143
2025-06-12,Latina,Cármenes,76,59,48.0,69.4423076923077,77.63157894736842
2025-06-12,Latina,Lucero,105,83,56.0,58.140845070422536,79.04761904761905
2025-06-12,Latina,Puerta del Angel,324,234,65.0,77.86384976525821,72.22222222222221
2025-06-12,Moncloa - Aravaca,Aravaca,45,41,94.5,111.075,91.11111111111111
2025-06-12,Moncloa - Aravaca,Argüelles,409,307,107.0,168.92439862542955,75.06112469437653
2025-06-12,Moncloa - Aravaca,Casa de Campo,114,81,80.0,128.07792207792207,71.05263157894737
2025-06-12,Moncloa - Aravaca,Ciudad Universitaria,88,58,85.5,116.328125,65.9090909090909
2025-06-12,Moncloa - Aravaca,El Plantío,18,18,50.0,73.5,100.0
2025-06-12,Moncloa - Aravaca,Valdemarín,13,11,97.0,106.875,84.61538461538461
2025-06-12,Moncloa - Aravaca,Valdezarza,79,66,59.0,91.84848484848484,83.54430379746836
2025-06-12,Moratalaz,Fontarrón,76,40,50.0,78.4,52.63157894736842
2025-06-12,Moratalaz,Horcajo,4,3,41.0,44.333333333333336,75.0
2025-06-12,Moratalaz,Marroquina,36,24,83.0,82.8695652173913,66.66666666666666
2025-06-12,Moratalaz,Media Legua,27,15,49.5,68.57142857142857,55.55555555555556
2025-06-12,Moratalaz,Pavones,11,10,38.0,60.9,90.9090909090909
2025-06-12,Moratalaz,Vinateros,34,17,32.0,37.22222222222222,50.0
2025-06-12,Puente de Vallecas,Entrevías,65,56,49.5,60.43478260869565,86.15384615384616
2025-06-12,Puente de Vallecas,Numancia,239,199,69.0,83.02941176470588,83.26359832635984
2025-06-12,Puente de Vallecas,Palomeras Bajas,77,51,40.0,447.45454545454544,66.23376623376623
2025-06-12,Puente de Vallecas,Palomeras Sureste,61,42,40.5,60.411764705882355,68.85245901639344
2025-06-12,Puente de Vallecas,Portazgo,69,50,42.5,72.52173913043478,72.46376811594203
2025-06-12,Puente de Vallecas,San Diego,300,227,81.0,97.71162790697674,75.66666666666667
2025-06-12,Retiro,Adelfas,145,108,99.0,101.82178217821782,74.48275862068967
2025-06-12,Retiro,Estrella,47,40,60.0,92.63157894736842,85.1063829787234
2025-06-12,Retiro,Ibiza,291,226,118.0,236.88,77.66323024054984
2025-06-12,Retiro,Jerónimos,105,89,131.0,215.91011235955057,84.76190476190476
2025-06-12,Retiro,Niño Jesús,69,60,129.0,134.6551724137931,86.95652173913044
2025-06-12,Retiro,Pacífico,327,243,83.0,97.92181069958848,74.31192660550458
2025-06-12,Salamanca,Castellana,204,155,158.0,225.0258064516129,75.98039215686273
2025-06-12,Salamanca,Fuente del Berro,149,112,106.0,115.36842105263158,75.16778523489933
2025-06-12,Salamanca,Goya,420,301,148.0,186.08231707317074,71.66666666666667
2025-06-12,Salamanca,Guindalera,409,337,105.0,129.6888888888889,82.3960880195599
2025-06-12,Salamanca,Lista,256,204,120.0,142.7724867724868,79.6875
2025-06-12,Salamanca,Recoletos,333,280,160.0,222.12546125461256,84.08408408408408
2025-06-12,San Blas - Canillejas,Amposta,17,14,82.0,205.23076923076923,82.35294117647058
2025-06-12,San Blas - Canillejas,Arcos,60,44,48.5,115.4090909090909,73.33333333333333
2025-06-12,San Blas - Canillejas,Canillejas,112,76,72.0,81.41333333333333,67.85714285714286
2025-06-12,San Blas - Canillejas,Hellín,27,15,53.0,246.33333333333334,55.55555555555556
2025-06-12,San Blas - Canillejas,Rejas,168,136,85.0,102.15827338129496,80.95238095238095
2025-06-12,San Blas - Canillejas,Rosas,64,40,89.0,168.25714285714287,62.5
2025-06-12,San Blas - Canillejas,Salvador,27,22,73.0,149.625,81.48148148148148
2025-06-12,San Blas - Canillejas,Simancas,149,98,86.0,111.49450549450549,65.77181208053692
2025-06-12,Tetuán,Almenara,213,177,100.5,104.23295454545455,83.09859154929578
2025-06-12,Tetuán,Bellas Vistas,236,173,92.0,126.77272727272727,73.30508474576271
2025-06-12,Tetuán,Berruguete,224,196,81.0,103.36180904522612,87.5
2025-06-12,Tetuán,Castillejos,309,259,95.0,281.9802371541502,83.81877022653723
2025-06-12,Tetuán,Cuatro Caminos,484,409,102.0,116.58808933002481,84.50413223140497
2025-06-12,Tetuán,Valdeacederas,245,211,86.0,94.09859154929578,86.12244897959184
2025-06-12,Usera,Almendrales,134,115,60.0,70.36842105263158,85.82089552238806
2025-06-12,Usera,Moscardó,161,137,60.0,73.5111111111111,85.09316770186336
2025-06-12,Usera,Orcasitas,35,30,42.5,64.9,85.71428571428571
2025-06-12,Usera,Orcasur,73,60,86.0,98.42857142857143,82.1917808219178
2025-06-12,Usera,Pradolongo,69,55,41.5,67.3076923076923,79.71014492753623
2025-06-12,Usera,San Fermín,54,38,49.0,79.90322580645162,70.37037037037037
2025-06-12,Usera,Zofío,64,47,66.0,69.82,73.4375
2025-06-12,Vicálvaro,Ambroz,18,15,37.0,52.142857142857146,83.33333333333334
2025-06-12,Vicálvaro,Casco Histórico de Vicálvaro,73,58,54.5,65.10344827586206,79.45205479452055
2025-06-12,Villa de Vallecas,Casco Histórico de Vallecas,109,82,76.0,85.11688311688312,75.22935779816514
2025-06-12,Villa de Vallecas,Santa Eugenia,8,7,54.0,69.28571428571429,87.5
2025-06-12,Villaverde,Butarque,31,23,46.0,58.588235294117645,74.19354838709677
2025-06-12,Villaverde,Los Angeles,50,40,33.5,53.46875,80.0
2025-06-12,Villaverde,Los Rosales,64,48,62.0,69.02564102564102,75.0
2025-06-12,Villaverde,San Andrés,88,70,81.0,79.64516129032258,79.54545454545455
2025-06-12,Villaverde,San Cristobal,27,21,29.0,38.73684210526316,77.77777777777779
2025-09-14,Arganzuela,Acacias,241,173,91.5,103.8625,71.78423236514523
2025-09-14,Arganzuela,Atocha,49,34,130.0,143.86206896551724,69.38775510204081
2025-09-14,Arganzuela,Chopera,157,122,88.0,90.55932203389831,77.70700636942675
2025-09-14,Arganzuela,Delicias,191,131,88.0,95.03125,68.58638743455498
2025-09-14,Arganzuela,Imperial,172,136,100.0,182.05263157894737,79.06976744186046
2025-09-14,Arganzuela,Legazpi,48,37,109.5,111.38888888888889,77.08333333333334
2025-09-14,Arganzuela,Palos de Moguer,408,321,105.0,126.66445182724253,78.67647058823529
2025-09-14,Barajas,Aeropuerto,13,13,43.0,93.5,100.0
2025-09-14,Barajas,Alameda de Osuna,30,20,60.0,75.4,66.66666666666666
2025-09-14,Barajas,Casco Histórico de Barajas,63,56,87.0,101.34883720930233,88.88888888888889
2025-09-14,Barajas,Corralejos,11,8,92.5,118.125,72.72727272727273
2025-09-14,Barajas,Timón,46,34,106.0,132.2962962962963,73.91304347826086
2025-09-14,Carabanchel,Abrantes,51,40,45.5,54.44736842105263,78.43137254901961
2025-09-14,Carabanchel,Buenavista,63,42,57.0,73.97560975609755,66.66666666666666
2025-09-14,Carabanchel,Comillas,159,129,82.0,98.20661157024793,81.13207547169812
2025-09-14,Carabanchel,Opañel,171,147,84.0,127.60283687943263,85.96491228070175
2025-09-14,Carabanchel,Puerta Bonita,103,84,49.5,60.8125,81.55339805825243
2025-09-14,Carabanchel,San Isidro,212,175,78.0,97.70967741935483,82.54716981132076
2025-09-14,Carabanchel,Vista Alegre,145,107,67.0,78.15294117647059,73.79310344827587
2025-09-14,Centro,Cortes,1057,911,142.0,190.8794901506373,86.18732261116368
2025-09-14,Centro,Embajadores,2624,2094,109.0,148.63828715365239,79.80182926829268
2025-09-14,Centro,Justicia,1227,984,138.0,172.4582893347413,80.1955990220049
2025-09-14,Centro,Palacio,1859,1539,135.0,210.25521885521886,82.78644432490586
2025-09-14,Centro,Sol,1293,1133,149.0,233.74547101449275,87.62567672080434
2025-09-14,Centro,Universidad,2170,1763,126.0,177.046783625731,81.2442396313364
2025-09-14,Chamartín,Castilla,119,95,113.5,152.07291666666666,79.83193277310924
2025-09-14,Chamartín,Ciudad Jardín,125,94,115.0,123.71428571428571,75.2
2025-09-14,Chamartín,El Viso,111,80,118.0,157.34567901234567,72.07207207207207
2025-09-14,Chamartín,Hispanoamérica,147,124,125.0,142.7479674796748,84.35374149659864
2025-09-14,Chamartín,Nueva España,169,136,129.0,125.73684210526316,80.4733727810651
2025-09-14,Chamartín,Prosperidad,233,176,105.0,113.06060606060606,75.53648068669528
2025-09-14,Chamberí,Almagro,260,192,135.5,153.40449438202248,73.84615384615385
2025-09-14,Chamberí,Arapiles,278,228,108.5,131.5648148148148,82.01438848920863
2025-09-14,Chamberí,Gaztambide,270,210,97.0,118.75401069518716,77.77777777777779
2025-09-14,Chamberí,Rios Rosas,259,207,118.0,143.82386363636363,79.92277992277992
2025-09-14,Chamberí,Trafalgar,488,390,144.0,161.23249299719888,79.91803278688525
2025-09-14,Chamberí,Vallehermoso,114,83,108.0,109.78048780487805,72.80701754385966
2025-09-14,Ciudad Lineal,Atalaya,1,1,75.0,75.0,100.0
2025-09-14,Ciudad Lineal,Colina,25,22,131.0,147.61904761904762,88.0
2025-09-14,Ciudad Lineal,Concepción,106,75,98.5,106.53947368421052,70.75471698113208
2025-09-14,Ciudad Lineal,Costillares,43,40,132.0,153.71794871794873,93.02325581395348
2025-09-14,Ciudad Lineal,Pueblo Nuevo,226,177,81.0,106.56395348837209,78.31858407079646
2025-09-14,Ciudad Lineal,Quintana,110,92,86.5,129.25,83.63636363636363
2025-09-14,Ciudad Lineal,San Juan Bautista,38,24,122.0,127.41666666666667,63.1578947368421
2025-09-14,Ciudad Lineal,San Pascual,62,40,67.0,69.97222222222223,64.51612903225806
2025-09-14,Ciudad Lineal,Ventas,234,177,81.0,132.80838323353294,75.64102564102564
2025-09-14,Fuencarral - El Pardo,El Goloso,15,10,101.5,187.2,66.66666666666666
2025-09-14,Fuencarral - El Pardo,El Pardo,3,2,106.0,106.0,66.66666666666666
2025-09-14,Fuencarral - El Pardo,Fuentelareina,5,5,137.0,375.8,100.0
2025-09-14,Fuencarral - El Pardo,La Paz,24,18,75.0,121.1875,75.0
2025-09-14,Fuencarral - El Pardo,Mirasierra,26,17,48.0,153.64705882352942,65.38461538461539
2025-09-14,Fuencarral - El Pardo,Peñagrande,65,38,81.0,107.97142857142858,58.46153846153847
2025-09-14,Fuencarral - El Pardo,Pilar,74,53,89.0,113.15094339622641,71.62162162162163
2025-09-14,Fuencarral - El Pardo,Valverde,115,91,82.0,94.69565217391305,79.13043478260869
2025-09-14,Hortaleza,Apostol Santiago,41,37,45.0,76.97222222222223,90.2439024390244
2025-09-14,Hortaleza,Canillas,144,121,68.0,89.12389380530973,84.02777777777779
2025-09-14,Hortaleza,Palomas,5,5,117.0,143.0,100.0
2025-09-14,Hortaleza,Pinar del Rey,146,126,100.0,118.20869565217392,86.3013698630137
2025-09-14,Hortaleza,Piovera,37,29,91.0,301.7692307692308,78.37837837837837
2025-09-14,Hortaleza,Valdefuentes,150,122,100.0,234.59016393442624,81.33333333333333
2025-09-14,Latina,Aguilas,57,40,45.5,63.075,70.17543859649122
2025-09-14,Latina,Aluche,88,63,50.5,64.671875,71.5909090909091
2025-09-14,Latina,Campamento,37,26,40.0,48.53846153846154,70.27027027027027
2025-09-14,Latina,Cuatro Vientos,7,5,52.0,54.6,71.42857142857143
2025-09-14,Latina,Cármenes,73,59,55.0,87.52941176470588,80.82191780821918
2025-09-14,Latina,Lucero,97,75,69.0,68.83333333333333,77.31958762886599
2025-09-14,Latina,Puerta del Angel,294,214,80.5,200.84375,72.78911564625851
2025-09-14,Moncloa - Aravaca,Aravaca,66,62,82.5,98.45161290322581,93.93939393939394
2025-09-14,Moncloa - Aravaca,Argüelles,383,262,127.0,189.3621399176955,68.40731070496084
2025-09-14,Moncloa - Aravaca,Casa de Campo,107,78,82.0,145.3134328358209,72.89719626168224
2025-09-14,Moncloa - Aravaca,Ciudad Universitaria,82,53,98.0,133.05263157894737,64.63414634146342
2025-09-14,Moncloa - Aravaca,El Plantío,17,17,75.0,104.6470588235294,100.0
2025-09-14,Moncloa - Aravaca,Valdemarín,10,7,47.5,81.5,70.0
2025-09-14,Moncloa - Aravaca,Valdezarza,70,58,70.0,91.42105263157895,82.85714285714286
2025-09-14,Moratalaz,Fontarrón,76,50,41.0,81.5576923076923,65.78947368421053
2025-09-14,Moratalaz,Horcajo,4,2,45.0,45.0,50.0
2025-09-14,Moratalaz,Marroquina,29,20,85.0,85.55,68.96551724137932
2025-09-14,Moratalaz,Media Legua,25,14,58.0,73.57142857142857,56.00000000000001
2025-09-14,Moratalaz,Pavones,7,7,74.0,72.85714285714286,100.0
2025-09-14,Moratalaz,Vinateros,34,22,27.0,39.869565217391305,64.70588235294117
2025-09-14,Puente de Vallecas,Entrevías,63,55,50.5,68.96,87.3015873015873
2025-09-14,Puente de Vallecas,Numancia,221,182,77.0,90.92307692307692,82.35294117647058
2025-09-14,Puente de Vallecas,Palomeras Bajas,59,40,59.0,590.2926829268292,67.79661016949152
2025-09-14,Puente de Vallecas,Palomeras Sureste,53,34,49.0,68.3103448275862,64.15094339622641
2025-09-14,Puente de Vallecas,Portazgo,63,45,46.0,77.36363636363636,71.42857142857143
2025-09-14,Puente de Vallecas,San Diego,279,207,85.0,104.54146341463415,74.19354838709677
2025-09-14,Retiro,Adelfas,134,113,115.0,120.78504672897196,84.32835820895522
2025-09-14,Retiro,Estrella,42,35,92.0,148.2941176470588,83.33333333333334
2025-09-14,Retiro,Ibiza,284,229,124.0,227.78222222222223,80.63380281690141
2025-09-14,Retiro,Jerónimos,100,86,146.0,217.98837209302326,86.0
2025-09-14,Retiro,Niño Jesús,69,62,143.0,152.75409836065575,89.85507246376811
2025-09-14,Retiro,Pacífico,301,224,89.5,110.53271028037383,74.4186046511628
2025-09-14,Salamanca,Castellana,204,165,174.0,208.83125,80.88235294117648
2025-09-14,Salamanca,Fuente del Berro,134,102,116.0,124.42156862745098,76.11940298507463
2025-09-14,Salamanca,Goya,404,317,154.0,192.1174603174603,78.46534653465346
2025-09-14,Salamanca,Guindalera,386,318,112.0,151.88778877887788,82.38341968911918
2025-09-14,Salamanca,Lista,229,180,144.0,156.45664739884393,78.60262008733623
2025-09-14,Salamanca,Recoletos,320,265,176.0,228.64638783269962,82.8125
2025-09-14,San Blas - Canillejas,Amposta,16,13,73.0,206.5,81.25
2025-09-14,San Blas - Canillejas,Arcos,52,35,42.0,124.29411764705883,67.3076923076923
2025-09-14,San Blas - Canillejas,Canillejas,122,80,68.0,81.13157894736842,65.57377049180327
2025-09-14,San Blas - Canillejas,Hellín,24,12,59.0,91.0,50.0
2025-09-14,San Blas - Canillejas,Rejas,161,130,84.0,97.7457627118644,80.74534161490683
2025-09-14,San Blas - Canillejas,Rosas,53,31,97.0,185.27586206896552,58.490566037735846
2025-09-14,San Blas - Canillejas,Salvador,29,23,84.0,142.33333333333334,79.3103448275862
2025-09-14,San Blas - Canillejas,Simancas,143,94,81.0,94.2289156626506,65.73426573426573
2025-09-14,Tetuán,Almenara,198,167,112.0,118.85350318471338,84.34343434343434
2025-09-14,Tetuán,Bellas Vistas,225,166,94.5,122.89506172839506,73.77777777777777
2025-09-14,Tetuán,Berruguete,232,206,86.0,110.16,88.79310344827587
2025-09-14,Tetuán,Castillejos,290,234,108.0,326.0321100917431,80.6896551724138
2025-09-14,Tetuán,Cuatro Caminos,478,407,110.0,115.11849710982659,85.14644351464436
2025-09-14,Tetuán,Valdeacederas,256,221,92.0,101.71363636363637,86.328125
2025-09-14,Usera,Almendrales,121,104,67.5,126.80434782608695,85.9504132231405
2025-09-14,Usera,Moscardó,153,127,62.0,77.54838709677419,83.00653594771242
2025-09-14,Usera,Orcasitas,33,28,40.5,52.291666666666664,84.84848484848484
2025-09-14,Usera,Orcasur,69,57,93.0,103.30909090909091,82.6086956521739
2025-09-14,Usera,Pradolongo,58,46,51.0,62.75,79.3103448275862
2025-09-14,Usera,San Fermín,52,36,52.0,83.15625,69.23076923076923
2025-09-14,Usera,Zofío,52,39,60.0,66.82608695652173,75.0
2025-09-14,Vicálvaro,Ambroz,14,11,40.5,59.7,78.57142857142857
2025-09-14,Vicálvaro,Casco Histórico de Vicálvaro,71,57,55.0,73.9245283018868,80.28169014084507
2025-09-14,Villa de Vallecas,Casco Histórico de Vallecas,104,80,79.5,85.05882352941177,76.92307692307693
2025-09-14,Villa de Vallecas,Santa Eugenia,9,8,53.5,66.625,88.88888888888889
2025-09-14,Villaverde,Butarque,28,20,50.0,61.55,71.42857142857143
2025-09-14,Villaverde,Los Angeles,50,38,35.0,58.88235294117647,76.0
2025-09-14,Villaverde,Los Rosales,56,42,78.0,77.84615384615384,75.0
2025-09-14,Villaverde,San Andrés,91,71,75.5,80.79032258064517,78.02197802197803
2025-09-14,Villaverde,San Cristobal,21,15,45.5,46.357142857142854,71.42857142857143
